
﻿Number,Title,GivenName,MiddleInitial,Surname,City,ZipCode,Country,EmailAddress,Username,Age,Occupation,Company,GUID,Latitude,Longitude
1,Ms.,Mia,C,Holt,RHYDD,"WR8 9XJ",GB,MiaHolt@rhyta.com,Stented00,19,"Real estate broker","Tower Records",2e15ae58-0246-4ca2-b73b-b85483404871,51.942467,-1.889293
2,Mrs.,Amelie,J,Bryan,CROCKERNWELL,"EX6 0LJ",GB,AmelieBryan@dayrep.com,Stoody,84,"Employment service specialist","The Record Shops at TSS",03dca7f4-5e50-4b2a-b5ae-ee0d97cc3004,50.679136,-3.470598
3,Mrs.,Elizabeth,J,Thomas,ARDGARTAN,"G83 1SB",GB,ElizabethThomas@cuvox.de,Vanctiod,58,"Licensed vocational nurse",Sportmart,e5bd26cc-387c-4323-b542-90ad8f517642,55.884001,-4.565046
4,Mr.,David,T,Burke,"PORT HENDERSON","IV21 1PH",GB,DavidBurke@superrito.com,Wourell,80,"Compensation manager","Super Shops",a4a02a3f-ffd0-45bb-812f-15762e0df7da,57.672065,-5.797389
5,Mr.,Ryan,L,Doherty,DOLGOCH,"LL36 4TU",GB,RyanDoherty@armyspy.com,Nowitur,51,"Social work policy maker","Gamma Gas",21168aec-7c8f-4e54-80a0-f5a2af4c88ed,52.549082,-4.125952
6,Mr.,Morgan,D,Walker,THERFIELD,"SG8 5FE",GB,MorganWalker@jourrapide.com,Theabim,82,"Systems analyst","Best Biz Survis",d5578d9f-e1bd-4a4d-83c6-28fed42ccae5,52.027802,-0.073699
7,Mrs.,Abbie,L,Woodward,BACKWORTH,"NE23 5BJ",GB,AbbieWoodward@einrot.com,Lostow1954,64,"Water transportation master","Franklin Music",6e7df3a1-cd5d-4549-8d2a-6e746c406124,54.98946,-1.547294
8,Mr.,Jonathan,S,Fowler,TREBARWITH,"PL33 6BU",GB,JonathanFowler@teleworm.us,Havesel,64,"Health engineer","Discount Furniture Showcase",7777a11c-a4d6-4a0a-8f77-66b085447349,50.552882,-4.735639
9,Mrs.,Tegan,L,Nicholls,KENCOTT,"GL7 1ET",GB,TeganNicholls@rhyta.com,Thattely1950,69,"Administrative worker supervisor","Laura Ashley Mother & Child",ee3c90c6-8459-4ae2-826b-c76cc57b711a,51.343194,-1.827818
10,Ms.,Madeleine,M,Joyce,ASPULL,"WN2 6QL",GB,MadeleineJoyce@rhyta.com,Wayboodying,23,"Automotive mechanic","Earthworks Garden Kare",58b0abc0-3667-4365-8e1d-1e895b7d04fe,53.606749,-2.549564
11,Mr.,Jack,F,Potter,TISTER,"KW12 3FH",GB,JackPotter@fleckens.hu,Sabighter,69,Abstractor,"Total Sources",53d20b3d-1ac5-4d83-9aa3-821d76078161,58.311586,-3.643235
12,Ms.,Victoria,O,Long,"DUDLEY PORT","DY4 9BU",GB,VictoriaLong@armyspy.com,Fonumene,58,"Specification inspector","Grade A Investment",ae4f5b7e-188b-4323-a2f9-29aa4c8e1f0a,52.566571,-1.97214
13,Ms.,Georgia,H,Bruce,"RIDGE GREEN","RH1 9BA",GB,GeorgiaBruce@teleworm.us,Swast1987,32,"Cleaning supervisor","Alladin Realty",3c2d5cf5-f5cb-4979-93f9-62b17d6e8696,51.081421,-0.147591
14,Ms.,Gracie,K,Walters,LITTLEWORTH,"WS12 9UQ",GB,GracieWalters@superrito.com,Hiphell1940,78,"ESOL teacher","World Radio",01c5ab50-fcda-4a27-8dec-f638a871dff5,52.3244,-1.836373
15,Mr.,Aaron,D,Carroll,KINGSLEY,"ST10 5YS",GB,AaronCarroll@jourrapide.com,Lingthe,25,"Strength trainer","Liberty Wealth Planner",e8b644c6-d843-458f-abad-38903dddf832,52.635446,-2.543073
16,Mrs.,Isabella,C,Tyler,RHUMACH,"PH39 3WP",GB,IsabellaTyler@teleworm.us,Weating,60,"Floor broker","Eli Moore Inc",e451cf1d-3f19-4aba-9d36-c4ac37a53445,56.815733,-5.894639
17,Ms.,Megan,S,Henderson,"PRESTON BISSETT","MK18 4GD",GB,MeganHenderson@einrot.com,Mader1973,46,Sampler,"A Plus Lawn Care",163f0931-e7b8-4693-8f3f-3a6d5efe2eee,51.572521,-0.873003
18,Mr.,Owen,S,Savage,SCOTTLETHORPE,"PE10 5ET",GB,OwenSavage@cuvox.de,Therat,38,"Sound engineering technician",Netaid,649e9da8-30c4-4c62-a52f-4c5f460f8118,52.162471,-0.0314
19,Mr.,George,S,Norris,AUCHNAGALLIN,"PH26 2GP",GB,GeorgeNorris@superrito.com,Noppy1959,59,Molder,"Price Club",c8a76923-f0d6-4808-be3e-f91fb8a04063,57.275609,-3.730857
20,Mr.,Alexander,S,Simmons,WILKIESTON,"EH27 8HU",GB,AlexanderSimmons@gustr.com,Lumpose35,83,"Press secretary","Specific Appraisals",c4afce8e-3710-4dbd-ad6c-9c3a5067725d,55.94369,-3.503096
21,Mr.,Elliot,E,Middleton,"CRASK INN","IV27 0AY",GB,ElliotMiddleton@teleworm.us,Witoo1961,57,"Extruding and drawing machine setters","Crown Books",6cce56a2-eb0e-42fb-a646-aab33d179d63,57.394828,-4.799671
22,Ms.,Yasmin,O,Chadwick,AIRIES,"DG9 0YE",GB,YasminChadwick@superrito.com,Greirrom,25,"Merchandise window trimmer","Eagle Food Centers",75b603ab-656d-4311-952e-4ee1270ddb6b,54.769847,-4.896522
23,Ms.,Eloise,B,Lane,"SWINESHEAD BRIDGE","PE20 0BP",GB,EloiseLane@jourrapide.com,Fivinte1954,65,"Title examiner","Multi Tech Development",a10ef7b6-d4a0-4ea2-a164-8df6244d2c1c,52.801407,-0.084957
24,Mrs.,Hannah,J,Morton,"PONT DOLGARROG","LL32 1QG",GB,HannahMorton@cuvox.de,Thisings,54,"Product development manager","Mr. Steak",7a962e51-1790-4ebb-9fac-1be470081841,53.163925,-3.8919
25,Mrs.,Kiera,L,Greenwood,"THORPE ABBOTTS","IP21 6GH",GB,KieraGreenwood@cuvox.de,Dausay,70,"Computer aide","Record & Tape Outlet",cccdb7bd-133a-4bc3-abd8-408f5c23cdb3,52.243081,0.597288
26,Mr.,Jake,E,Lane,GLENGARNOCK,"KA14 6JP",GB,JakeLane@dayrep.com,Dile1993,25,"Taxi driver",Mikrotechnic,7c74e890-88b4-485b-a3a5-629e177b98f6,55.761247,-4.759205
27,Mr.,Owen,E,Gibson,BESTHORPE,"NG23 6TS",GB,OwenGibson@gustr.com,Licedle80,39,"Screen printing machine operator","J. Riggings",47b107cc-0104-489c-bf90-5d11126aadf4,52.824384,-0.944567
28,Mr.,Noah,G,Potts,OAKAMOOR,"ST10 1ZU",GB,NoahPotts@cuvox.de,Mempeng,83,"Allopathic physician","Monk Home Loans",36525d37-e8ee-4a10-badf-bd3225563995,52.723202,-2.679578
29,Mrs.,Amber,J,Shepherd,"HIGH WRAY","LA22 6WE",GB,AmberShepherd@jourrapide.com,Twoubt,32,"Property manager","Good Guys",01c1e08f-c8f9-4069-a7d0-d65de0d23268,54.312011,-2.974516
30,Mr.,Oscar,T,Shepherd,RUSKINGTON,"NG34 6NP",GB,OscarShepherd@fleckens.hu,Wastans,64,Architect,"Mission G",4956acc8-2602-4733-93cb-351c7e98dc97,52.865586,-0.342398
31,Mr.,Louis,K,Price,BALGOVE,"AB51 7QE",GB,LouisPrice@cuvox.de,Womustand,84,"Library aide",Prestigabiz,1d6699d7-cfca-4bbb-80c6-72ab25d2ed15,57.06493,-2.547319
32,Mrs.,Sophia,J,Saunders,ABERYSTWYTH,"SY23 5XU",GB,SophiaSaunders@jourrapide.com,Forrich,58,"Rolling machine tender","Pro Property Maintenance",1a54afe8-e48f-481d-9517-b671865fd971,51.791433,-4.204681
33,Mr.,Corey,M,Quinn,REAY,"KW14 3BQ",GB,CoreyQuinn@armyspy.com,Ligine,42,"Prison guard",Tweeter,04330c5f-4065-447d-be1e-860a88cd4669,57.857763,-4.035873
34,Mrs.,Natasha,C,Lord,"EARL'S CROOME","WR8 7WJ",GB,NatashaLord@cuvox.de,Fulta1989,30,"Pump operator","Pantry Food Stores",f2b10845-d795-45d0-ae29-4cbc2b4da775,51.876789,-1.912307
35,Mr.,Edward,G,Smart,"HEALD GREEN","SK8 8BL",GB,EdwardSmart@einrot.com,Aisce1938,80,"Social and human service assistant","Sunny's Surplus",1a0e2c32-4513-4318-84e1-8fcce9b0d7e8,53.351648,-2.178228
36,Mr.,Jack,D,Sanders,"PULHAM ST MARY","IP21 1YL",GB,JackSanders@superrito.com,Shemir,60,"Rehabilitation counselor","Great Western",d58c08a9-8db9-4794-bd3f-1470458cb955,52.191471,0.577521
37,Ms.,Imogen,K,Baldwin,"CHILTON POLDEN","TA7 2ZB",GB,ImogenBaldwin@teleworm.us,Aetherins,22,"Procurement technician","Magna Gases",007c4030-b04d-40ad-a523-e0330270a21c,51.047463,-2.921002
38,Mr.,Nicholas,I,Field,"TOY'S HILL","TN16 6AT",GB,NicholasField@jourrapide.com,Affor1987,32,"Vending machine servicer","All Wound Up",0ac81ea0-192b-4e10-ac60-ba2f488e2722,51.298345,0.091768
39,Mrs.,Lydia,J,Berry,BRYN,"SY9 5BD",GB,LydiaBerry@cuvox.de,Dall1979,39,"Plating and coating machine setter","Golden Dawn",b77ac169-877e-4b84-9743-ed7b02ce2cad,51.846171,-2.58508
40,Mr.,Sebastian,E,Elliott,BRIGHTONS,"FK2 9YF",GB,SebastianElliott@teleworm.us,Houblive,35,"Staffing and assignments coordinator","Jeans Unlimited",c798ddd9-267e-4e22-a1ce-0799af8af258,55.758938,-3.864332
41,Mr.,Henry,C,Smart,PUTLEY,"HR8 0AF",GB,HenrySmart@cuvox.de,Cauppility,68,Nurse,"Complete Tech",def87cd5-8f73-47de-a311-d55d696ad216,51.923298,-2.504911
42,Mr.,Finlay,E,Myers,SOUTHROPE,"RG25 7ZH",GB,FinlayMyers@teleworm.us,Fordell,82,"Business office manager","Alpha Beta",9a28c95c-6883-4144-bedc-55ce697a7b81,51.085094,-1.176374
43,Mrs.,Skye,E,Kent,WEDNESFIELD,"WV11 7FZ",GB,SkyeKent@gustr.com,Majecold,75,"Adult literacy teacher",Adaptas,7d550e53-6986-4aa0-b39c-b87ae2ff241c,52.535408,-2.000478
44,Mr.,Sam,L,Howard,"MAINS OF LINTON","AB51 4DY",GB,SamHoward@dayrep.com,Feas1953,65,"Production, planning, and expediting clerk","Oklahoma Tire & Supply Company",83913231-1aa4-4322-a9b5-edb741e4ecdd,57.208604,-2.594554
45,Mr.,Ben,P,Lucas,OUSDEN,"CB8 1JH",GB,BenLucas@fleckens.hu,Coraven,66,"Job development specialist",Laneco,7196ca82-5296-4f59-be19-826375a9b17e,52.049877,0.463488
46,Dr.,Maddison,S,Abbott,"NORTH SEATON","NE63 3NB",GB,MaddisonAbbott@teleworm.us,Hicither,44,"Community health educator","Oranges Records & Tapes",808ad3a5-2145-4eb9-b7f6-68eb02d504b3,55.207815,-1.506817
47,Ms.,Shannon,R,Hutchinson,"WEST WELLOW","SO51 8TY",GB,ShannonHutchinson@teleworm.us,Notere,49,"Airframe mechanic","Handy Andy",a8b0a446-790c-4b7d-81a9-52510a386d39,50.686159,-1.350889
48,Mr.,Jayden,H,Shaw,BUERTON,"CW3 0RB",GB,JaydenShaw@rhyta.com,Egreane,62,"Rental clerk","Specialty Restaurant Group",8c22a4e2-7c0e-4a48-920a-c436b17c5320,52.915909,-2.329693
49,Mr.,Joe,S,Wilkinson,RODDEN,"DT3 8HF",GB,JoeWilkinson@superrito.com,Therome,45,"Employment clerk","Laughner's Cafeteria",23fd012a-b6ae-45ff-9e88-99b71d3467fb,50.672133,-2.498534
50,Mr.,Henry,L,Holland,WADEBRIDGE,"PL27 3QL",GB,HenryHolland@fleckens.hu,Prioughter,24,"Clinical chemistry technologist",Ejecta,dcd34fbf-7120-49f0-b50f-639eb734ba47,50.37703,-4.980061
51,Mr.,Sam,A,Ali,COTTON,"IP14 2BD",GB,SamAli@armyspy.com,Wition,81,"Homeowner association manager","Fresh Start",519ab32a-311c-44f7-b0b5-9f0a52a7ae24,52.081713,0.905193
52,Ms.,Keira,A,Wong,"WESTWOOD HEATH","CV4 4XQ",GB,KeiraWong@fleckens.hu,Geopme,77,"Record center clerk",Grodins,047ca1b1-281b-40e0-bf98-9504a1f3dcdd,52.312972,-1.562688
53,Mr.,Joshua,P,Gould,"MIDDLEWOOD GREEN","IP14 7TB",GB,JoshuaGould@gustr.com,Withim,40,"Greenhouse manager",Heilig-Meyers,53727e33-2759-442b-9cbf-334f9250217a,52.110845,1.058023
54,Mr.,Nathan,L,Harding,NEWHOLM,"YO21 6TE",GB,NathanHarding@superrito.com,Sain1960,58,"Telephone line installer","Exact Realty",88932b62-d1f4-4a2b-9e12-deab4d0263fd,53.997336,-1.499283
55,Mr.,Charles,R,Wong,GARVESTONE,"NR9 1UY",GB,CharlesWong@superrito.com,Beem1999,19,"Library technical assistant","Pergament Home Centers",e26aa618-b72f-407e-99aa-30ba45e79e59,52.600054,0.88713
56,Mr.,Ewan,H,Robinson,"CEFN CANTREF","LD3 0PX",GB,EwanRobinson@fleckens.hu,Parin1976,42,"Family and general practitioner","Creative Wealth",6a4bc81c-9dda-4950-86dd-3eb78067e6b4,51.786278,-3.148907
57,Mrs.,Jade,C,Butcher,LLANMAES,"CF61 1AF",GB,JadeButcher@teleworm.us,Tery1958,61,"Cooperative manager","Cherry & Webb",8be282cf-be7c-434d-8161-8743dbd57ea5,51.33711,-3.494061
58,Ms.,Madeleine,D,Vaughan,"KINLOCH HOURN","PH35 1DX",GB,MadeleineVaughan@gustr.com,Flefted1941,77,Registrar,"Leo's Stereo",b7a1c9f4-8600-45c9-bcc4-96bc8b4b8f61,56.956218,-4.946878
59,Ms.,Hannah,M,Nicholls,"LLANDDEWI VELFREY","SA67 6SW",GB,HannahNicholls@teleworm.us,Incturban,84,Chemist,"Bresler's Ice Cream",6bb7b726-0092-4c85-98ea-5ad92020bcd9,51.637762,-4.74578
60,Mr.,Hayden,A,Reid,HOLWELL,"LE14 5LJ",GB,HaydenReid@armyspy.com,Beind1981,37,Nannie,"Eagle Food Centers",dafa36a7-05e0-4d09-a0e3-56d229877449,52.758845,-0.97606
61,Mr.,Freddie,E,Barnett,"GREAT RAVELEY","PE17 7DT",GB,FreddieBarnett@rhyta.com,Quie1990,28,"Construction equipment technician",BASCO,a72c1ec8-e530-4381-b3b4-aa52e52659b3,52.236513,0.033333
62,Mr.,James,A,Matthews,"FARNHAM GREEN","CM23 1QL",GB,JamesMatthews@dayrep.com,Cludeatic,20,"Clothing designer","K's Merchandise",f97fd257-d9eb-4880-9c62-f306c514223c,51.833774,0.104803
63,Ms.,Hannah,M,Graham,BRIDGEND,"DD9 9GY",GB,HannahGraham@fleckens.hu,Andismake,39,"Process technician",Romp,20e599b8-2058-4752-99b1-2361deed7142,56.715735,-2.52543
64,Mrs.,Olivia,J,Yates,ARDACHVIE,"PH34 6UQ",GB,OliviaYates@einrot.com,Judiction,19,"Independent agent","Fisher Foods",a46f3214-0432-4049-bdf6-a0ccbec75b7a,56.719004,-4.914248
65,Mrs.,Erin,A,Armstrong,DRAYTON,"OX15 2PR",GB,ErinArmstrong@armyspy.com,Yedis1951,67,"Science technician","Star Interior Design",8a8989b9-40e5-46d1-a8e9-dc7bc6081f48,51.694008,-1.260571
66,Mr.,Ben,M,Randall,HAWLEY,"DA2 6AD",GB,BenRandall@teleworm.us,Scul1936,82,"Manifold binding worker","Super Saver Foods",61c882da-b390-4e4f-af8a-9b769c47d340,50.898192,0.331834
67,Ms.,Elizabeth,S,Oliver,MANNINGTON,"BH21 0NH",GB,ElizabethOliver@fleckens.hu,Leoutitend,85,"Treatment plant and system operator","Tee Town",c0742d59-9180-4da6-9616-877367ae6144,50.86609,-1.965434
68,Mr.,Mohammad,A,Taylor,TUXFORD,"NG22 5PP",GB,MohammadTaylor@cuvox.de,Chare1985,33,"Employment manager","Soft Warehouse",04807128-99fc-45b0-87a7-27b0ee5cdb4d,53.124503,-1.103766
69,Mrs.,Erin,H,Stone,"FRAMINGHAM PIGOT","NR14 6DR",GB,ErinStone@gustr.com,Yousty1991,28,"Employee placement specialist","Formula Grey",2fe153b0-7231-45d7-9d0f-da7d4d0ef30d,52.529698,1.559439
70,Mr.,Tom,P,Henry,NETHERMILL,"DG1 1ES",GB,TomHenry@armyspy.com,Thalitter1988,30,"Mixing and blending machine tender","Omni Source",22bedf04-9494-4570-8d2b-d24012a4a856,54.996566,-3.326795
71,Dr.,Ellis,M,Taylor,KENN,"BS21 9PY",GB,EllisTaylor@rhyta.com,Thary1993,26,"Loan service clerk",Peaches,8638a990-a94f-404a-88f8-4e5d7c5300b7,51.431155,-2.791521
72,Mr.,Leo,M,French,"COLDFAIR GREEN","IP16 6XB",GB,LeoFrench@teleworm.us,Foleyed1967,51,"Electrical and electronics engineering technician","Destiny Realty",d327486f-84c6-443c-a716-eef19e12f5ad,52.213605,1.536188
73,Mr.,Sebastian,C,Cross,HOLTBY,"YO19 0YW",GB,SebastianCross@jourrapide.com,Captaim,77,Usher,"Solution Realty",18025663-25f4-4251-81b6-0835e676dea4,53.824441,-1.128122
74,Ms.,Jasmine,D,Williamson,CUTCLOY,"DG8 2WX",GB,JasmineWilliamson@jourrapide.com,Besse1935,84,"Fast-food cook","Circuit Design",ca40ae03-f5e0-456a-9ab7-9ba22282bdd0,54.698425,-4.329529
75,Mrs.,Gracie,S,Randall,"WELSH BICKNOR","GL17 9EX",GB,GracieRandall@cuvox.de,Wiffaided,47,"Shuttle car operator","Pro Yard Services",3eada5cb-c120-400d-8c9b-bdd147614bcf,51.912963,-2.458933
76,Ms.,Imogen,K,Brady,CUMMERSDALE,"CA2 9AJ",GB,ImogenBrady@rhyta.com,Dishour,42,"Shoe and leather worker",Konsili,ada12b1d-ff88-4754-acdc-0a376d88273f,54.794416,-2.860151
77,Mrs.,Courtney,J,Sharp,GARSINGTON,"OX44 9YS",GB,CourtneySharp@cuvox.de,Mame1966,52,"Histology technician","Office Warehouse",2816378a-38ba-465d-9705-c4244116c915,51.734232,-1.123409
78,Mr.,Zak,A,Wright,TULLYFERGUS,"PH11 4LG",GB,ZakWright@cuvox.de,Areast1986,33,"Occupational health and safety inspector","Simple Solutions",8fcc224d-f688-427b-9bfd-0b8cca6dad09,56.686344,-3.245556
79,Ms.,Summer,Z,Newman,"BICKHAM BRIDGE","TQ9 7PY",GB,SummerNewman@dayrep.com,Lition1977,41,Millwright,"Soul Sounds Unlimited",41668351-a1ab-4b65-b468-10680c216e43,50.329133,-3.750683
80,Mr.,Mohammed,E,Walton,CLYDEY,"SA35 6WP",GB,MohammedWalton@gustr.com,Onfould,81,Millwright,"Block Distributors",31d2e4ad-7d73-4601-a71d-e455ad040a55,51.915432,-4.565965
81,Ms.,Morgan,M,Sanders,HULLBRIDGE,"SS5 2UE",GB,MorganSanders@rhyta.com,Tooffer,57,"Rural mail carrier","J. Riggings",5d625ed1-9a0e-49bf-8eb5-b3ead64350ce,51.668074,0.637872
82,Ms.,Chelsea,C,Owens,"LITTLE EASTON","CM6 7YG",GB,ChelseaOwens@einrot.com,Thimence,73,"Job development specialist","Magna Gases",6b43c7a8-bd96-4671-b34d-29441647c20e,51.53258,-0.268252
83,Mr.,Jay,T,Spencer,ENSIS,"EX31 7BH",GB,JaySpencer@dayrep.com,Theareesum,42,"Multiple machine tool setter",Marianne,d2d60a51-96b9-4187-b177-eacc4ca7587b,50.460586,-3.793637
84,Ms.,Lara,E,Clayton,TILLICOULTRY,"FK13 4LL",GB,LaraClayton@dayrep.com,Parist,34,"Production cost estimator","Flagg Bros. Shoes",9aac196b-a510-4c98-ab39-d511d17a8c22,56.102082,-3.68891
85,Mr.,Taylor,C,Alexander,SPROXTON,"YO62 9YD",GB,TaylorAlexander@superrito.com,Fishe1978,40,"Clinical laboratory technician","Home Centers",57293cc5-484d-4010-943e-ca6b0cad06ba,54.073398,-0.912467
86,Mr.,Joel,C,Morley,"KIRBY UNDERDALE","YO4 9WU",GB,JoelMorley@cuvox.de,Yethat1943,75,"Radiologic technician","Realty Zone",5ee9b349-6829-4062-9605-01811a5ad010,53.523702,-2.413372
87,Mr.,Harry,R,Bennett,WIXFORD,"B49 5YH",GB,HarryBennett@superrito.com,Wateram,42,"Design printing machine operator","Magna Gases",ad40ab9f-5873-4723-98fa-164a689d94f7,52.169131,-1.817815
88,Mr.,Harvey,T,Fry,BLAENGARW,"CF32 2UT",GB,HarveyFry@fleckens.hu,Andess,70,"Control room assistant","Galaxy Man",35279734-e932-4a96-bc40-0c5cca81fd13,51.446976,-3.639895
89,Mrs.,Madison,C,Simpson,"BARTON STACEY CAMP","SO21 1DQ",GB,MadisonSimpson@cuvox.de,Wayself,38,"Human service worker","Asiatic Solutions",521b6462-ddcb-49aa-af2b-7e80431c82b2,51.090384,-1.242556
90,Mrs.,Abbie,J,Jenkins,MOTHERWELL,"ML1 5DG",GB,AbbieJenkins@teleworm.us,Mannion,50,"X-ray technician","Big Apple",8fbb9cae-11db-4628-837f-ae3a2b02791b,55.838876,-3.967758
91,Mr.,Cameron,H,Marsh,EASTBOURNE,"DL1 1FZ",GB,CameronMarsh@rhyta.com,Saways,42,"Computer systems software engineer","Big Daddy's Restaurants",3d4e4015-3635-4de0-8554-14e144f46f00,54.194614,-1.325142
92,Mr.,Robert,M,Warner,FISHWICK,"PR1 8JT",GB,RobertWarner@teleworm.us,Whailee63,55,"Vegetable cook","Northern Star",0a58f0c1-7364-4328-bfd7-4ee5e9c7d374,53.769588,-2.661335
93,Mrs.,Isobel,F,Bull,FARMTOWN,"AB55 8ZA",GB,IsobelBull@einrot.com,Mangst,67,"Instructional coach","Listenin' Booth",a91b7280-56c7-43c8-8552-9075b5fd02bd,57.353608,-3.295965
94,Mr.,Isaac,P,Wood,LLWYDIARTH,"SY21 8FF",GB,IsaacWood@rhyta.com,Dereter,82,"Financial economist","Rose Records",6b2eb951-babd-402f-ad66-a8899357b592,52.626759,-3.071657
95,Ms.,Victoria,H,Gardner,HALLSANDS,"TQ7 9AD",GB,VictoriaGardner@superrito.com,Ournisid,69,"Language pathologist","Flipside Records",7ff062b4-95ab-4065-87f1-6503234f3762,50.293725,-3.738516
96,Mr.,Archie,E,Lees,"BETWS GARMON","LL54 6LS",GB,ArchieLees@armyspy.com,Stife1944,74,Orthodontist,"Monk House Sales",3e2f8942-b56f-420a-b1e5-c625c8820c26,52.914707,-4.154414
97,Mr.,Bailey,A,Bentley,"CHARLTON ADAM","TA11 1GY",GB,BaileyBentley@rhyta.com,Acry1983,35,Seismologist,Intelacard,536d7217-d227-4f2a-a9b4-f0c421b4f765,51.081796,-2.785579
98,Mrs.,Abby,E,McKenzie,HAWEN,"SA44 5RP",GB,AbbyMcKenzie@fleckens.hu,Thessight,33,"Ticket taker","Mission Realty",6cd1ebcc-1382-41e7-a590-86a5a647f7e5,51.863339,-4.045772
99,Mrs.,Ruby,B,Townsend,"FURNESS VALE","SK12 3RA",GB,RubyTownsend@rhyta.com,Andints,44,"Railroad brake, signal, and switch operator","Weenie Beenie",2f2efd1d-f367-4efd-a42c-b00a714c5b89,53.217202,-1.83431
100,Mr.,Alfie,K,Moran,"BUILTH ROAD","LD2 4WD",GB,AlfieMoran@jourrapide.com,Wheely42,76,"Labor relations manager","Solution Realty",6fd2a4f1-6c7b-4944-a594-5533445b86e6,51.788175,-3.392635
101,Ms.,Morgan,F,Nelson,FOUNTAINHALL,"TD1 0YD",GB,MorganNelson@dayrep.com,Twessight,20,"Educational consultant",Veramons,fcd7c42e-91c6-489e-9f23-2ebf2e5098ff,55.65409,-2.741543
102,Mrs.,Lauren,L,Bailey,KILCHOAN,"PH36 1QJ",GB,LaurenBailey@teleworm.us,Amittels81,37,"Environmental protection officer","Freedom Map",f56f945d-3335-451f-a651-7bf5ac346430,55.924243,-5.353232
103,Ms.,Alice,J,Jennings,EVERSLEY,"RG27 6WP",GB,AliceJennings@dayrep.com,Rall1964,54,"Cutting, punching, and press machine tender","Advansed Teksyztems",9372d13b-9443-45ea-82d8-fd8dbb3644eb,51.038401,-0.237388
104,Mr.,Liam,F,Chambers,LINTON,"CB1 7RZ",GB,LiamChambers@armyspy.com,Rinnaligge,83,"Extruding and drawing machine operators","Childs Restaurants",ece38719-d011-4e3c-889e-cc0636d73e9b,52.059584,-0.489742
105,Mr.,Rhys,S,Warner,"TILNEY ALL SAINTS","PE34 6HQ",GB,RhysWarner@dayrep.com,Ruppor1985,34,"Instructional specialist",LaBelle's,19190076-224c-48f3-991d-90ddbd1d7dc3,52.620851,0.419615
106,Mr.,Oscar,M,Clark,HORNINGSHAM,"BA12 8QA",GB,OscarClark@armyspy.com,Counts1947,71,"Oral surgeon","Matrix Architectural Service ",052a016b-6db7-476f-9656-4f977f725a0d,51.167985,-2.309412
107,Ms.,Sarah,S,Wong,TAN-Y-PISTYLL,"SY10 9HR",GB,SarahWong@superrito.com,Leake2000,19,Pedicurist,"Magna Solution",30d72ee2-9ca2-42ec-a76f-79972ed477ff,52.726649,-3.208724
108,Mr.,Dylan,I,Kirby,"HOLLINS GREEN","WA3 6LL",GB,DylanKirby@superrito.com,Thearchist1982,37,"Medical doctor",Merry-Go-Round,c8714ef2-ffad-4979-9d0f-a3981cd80ef1,53.436979,-2.613931
109,Mr.,Patrick,M,Johnston,"BAKER'S END","SG12 6BT",GB,PatrickJohnston@jourrapide.com,Morne1947,71,Abstractor,"Auto Works",d7f61b6b-9842-44c8-a04b-9288d7080355,51.780797,0.024659
110,Mrs.,Madeleine,K,Fuller,"BROUGHTON GIFFORD","SN12 2NT",GB,MadeleineFuller@fleckens.hu,Momemence,35,"Leather worker","Whitlocks Auto Supply",fc96b02e-9ddc-4902-a939-09375366fa56,51.298491,-2.095316
111,Mr.,Mason,E,Burke,COTTON,"IP14 5XL",GB,MasonBurke@superrito.com,Inci1994,24,Keeper,"Movie Gallery",98ec46c2-49e8-42ac-abfb-47858ba1837f,52.118408,1.076146
112,Mrs.,Jodie,A,Ashton,LLANBEDR,"NP8 1XA",GB,JodieAshton@dayrep.com,Upwainuer,32,"Civil drafter",Erol's,33b202ea-fad6-498e-bcc5-d8f49151735f,51.63923,-2.712856
113,Mrs.,Hollie,E,Whittaker,HORSFORTH,"LS18 9ZJ",GB,HollieWhittaker@dayrep.com,Fiess1970,49,Masseuse,"Life Map",f33dec90-039a-48c6-9e4f-2d05842aef97,53.814364,-1.617252
114,Dr.,Grace,A,Fletcher,LUCCOMBE,"TA24 8TD",GB,GraceFletcher@cuvox.de,Dresse,47,"Publications specialist","Rose Records",4c2638a4-156e-409b-9ae9-24aef2afd9ce,51.10147,-3.52516
115,Mrs.,Jessica,C,Stevens,WINESTEAD,"HU12 1LD",GB,JessicaStevens@einrot.com,Liciriand,26,"Management information systems director","Omni Superstore",39803f8d-843a-41f8-bc02-aa4a566c7c2b,53.662394,0.17181
116,Mr.,Riley,G,Barnes,SOUTHGATE,"PE31 5TR",GB,RileyBarnes@jourrapide.com,Trall1939,80,"Animal trainer","Franklin Music",bc425bfe-ea4b-427e-a6bd-fb59ce9d666b,52.808353,0.379738
117,Ms.,Louise,J,Perry,LUDFORD,"SY8 8FW",GB,LouisePerry@rhyta.com,Sairch,19,Repairer,Druther's,422b5fe6-35aa-4a58-8831-885f969a6d4a,51.618282,-2.914713
118,Mr.,Louis,J,Douglas,HAULTWICK,"SG11 4HQ",GB,LouisDouglas@fleckens.hu,Thelant,27,"Building cleaning worker","Boston Sea Party",566ab107-0724-44e5-8a8a-929f27f07341,51.918115,0.10454
119,Ms.,Isabelle,J,Howells,LAZONBY,"CA10 5YE",GB,IsabelleHowells@einrot.com,Promes52,66,Microbiologist,"Superior Interior Design",e37258c0-66b1-4a39-aad8-e7ed66c8ac2a,54.341724,-2.221273
120,Mr.,Reece,L,Moore,HARPFORD,"EX10 2GF",GB,ReeceMoore@teleworm.us,Waroled50,68,"General manager","Asian Solutions",41fd3c52-8cc0-424a-8393-350f1f8abcd4,50.718246,-3.382784
121,Ms.,Ava,C,Gibbons,"MORETON CORBET","SY4 3SR",GB,AvaGibbons@rhyta.com,Bittly,26,"Broadcast field supervisor","Handy City",deab726f-5c44-453b-b769-51e0d52141a3,52.499082,-2.335188
122,Mrs.,Ella,J,Miller,COALBURNS,"NE40 7UN",GB,EllaMiller@dayrep.com,Tweveseen,38,Anesthesiologist,"Express Merchant Service",1dfebcc1-2f7c-4ea4-9b4a-f1c28d3caae3,54.918061,-1.721268
123,Mrs.,Alicia,A,Hawkins,SETTISCARTH,"KW17 5BJ",GB,AliciaHawkins@fleckens.hu,Mumbrint,66,"Job training specialist","Team Electronics",72c3450e-5c7c-4e89-8e88-05479d80f52c,58.731708,-2.931649
124,Ms.,Emily,A,Riley,PENSILVA,"PL14 8PE",GB,EmilyRiley@einrot.com,Goid1945,73,"Edition binding worker",Ardan's,afa7d4fc-0301-4843-b4bb-7680be437b79,50.316458,-4.575242
125,Mr.,Lucas,D,Davies,ALDEBY,"NR34 7NP",GB,LucasDavies@jourrapide.com,Layse1957,61,"Network administrator","Infinite Wealth",c78756ea-e5ea-4c28-980c-22013d230dc7,52.346462,1.718896